id,bug_build,clean_build,observation_original
RUN-20260928-170912-4D7C#3,ERROR,ERROR,bug build: NameError: name 'page' is not defined
RUN-20260928-162510-6EF7#0,,,LLMUnavailableError: Gemini API error 503: This model is currently experiencing high demand. Spikes in demand are usually temporary. Please try again later.
RUN-20260928-165559-6431#0,,,LLMTimeoutError: Gemini API error 504: Deadline expired before operation could complete.
RUN-20260928-163539-3FF2#0,,,LLMUnavailableError: Gemini API error 503: This model is currently experiencing high demand. Spikes in demand are usually temporary. Please try again later.
RUN-20260928-191150-63FB#0,FAIL,PASS,"bug build: AssertionError: 
assert 204 == 403
 +  where 204 = <Response [204 No Content]>.status_code"
RUN-20260928-170912-4D7C#0,ERROR,ERROR,bug build: NameError: name 'page' is not defined
RUN-20260928-184751-2FE3#0,FAIL,PASS,"bug build: AssertionError: {""id"":1,""project_id"":1,""title"":""Test Task"",""description"":"""",""status"":""todo"",""priority"":3,""assignee_id"":2,""created_by"":1,""created_at"":""2026-09-28T18:48:19.341+00:00"",""updated_at"":""2026-09-28T18:48:19.344+00:00""}
assert 200 == 422
 +  where 200 = <Response [200 OK]>.status_code"
RUN-20260928-160908-C60F#0,,,LLMUnavailableError: Gemini API error 503: This model is currently experiencing high demand. Spikes in demand are usually temporary. Please try again later.
RUN-20260928-184456-8DF1#2,FAIL,FAIL,"bug build: AssertionError: Locator expected not to be empty
Actual value: empty 
Call log:
  - Expect ""to_be_empty"" with timeout 5000ms
  - waiting for get_by_test_id(""error"")
    14 × locator resolved to <div id=""error"" data-testid=""error""></div>
       - unexpected value ""empty"" | clean build: AssertionError: Locator expected not to be empty
Actual value: empty 
Call log:
  - Expect ""to_be_empty"" with timeout 5000ms
  - waiting for get_by_test_id(""error"")
    14 × locator resolved to <div id=""error"" data-testid=""error""></div>
       - unexpected value ""empty"""
RUN-20260928-185129-7150#0,FAIL,FAIL,"fails on a clean SUT: AssertionError: Locator expected not to be empty
Actual value: empty 
Call log:
  - Expect ""to_be_empty"" with timeout 5000ms
  - waiting for get_by_test_id(""error"")
    14 × locator resolved to <div id=""error"" data-testid=""error""></div>
       - unexpected value ""empty"""
RUN-20260928-182648-B528#0,FAIL,PASS,"bug build: AssertionError: 
assert 204 == 403
 +  where 204 = <Response [204 No Content]>.status_code"
RUN-20260928-171056-7231#0,FAIL,PASS,"bug build: AssertionError: {""detail"":[{""loc"":[""body"",""priority""],""msg"":""priority must be between 1 and 5""}]}
assert 422 in (200, 201)
 +  where 422 = <Response [422 Unprocessable Entity]>.status_code"
RUN-20260928-174355-26C5#1,ERROR,ERROR,bug build: NameError: name 'page' is not defined
RUN-20260928-161937-0167#0,,,LLMUnavailableError: Gemini API error 503: This model is currently experiencing high demand. Spikes in demand are usually temporary. Please try again later.
RUN-20260928-162123-E13C#0,,,LLMUnavailableError: Gemini API error 503: This model is currently experiencing high demand. Spikes in demand are usually temporary. Please try again later.
RUN-20260928-161605-5994#0,,,LLMUnavailableError: Gemini API error 503: This model is currently experiencing high demand. Spikes in demand are usually temporary. Please try again later.
RUN-20260928-163927-E9F3#0,,,LLMUnavailableError: Gemini API error 503: This model is currently experiencing high demand. Spikes in demand are usually temporary. Please try again later.
RUN-20260928-161422-9E5B#0,,,LLMUnavailableError: Gemini API error 503: This model is currently experiencing high demand. Spikes in demand are usually temporary. Please try again later.
RUN-20260928-181752-C9AE#1,FAIL,PASS,"bug build: AssertionError: Locator expected to have text '<b>x</b>'
Actual value: None
Error: element(s) not found 
Call log:
  - Expect ""to_have_text"" with timeout 5000ms
  - waiting for get_by_test_id(""task-title"").first

Aria snapshot:
- heading ""TaskBoard"" [level=1]
- banner:
  - text: User
  - combobox ""User"":
    - option ""alice"" [selected]
    - option ""bob""
    - option ""carol""
    - option ""dave""
  - text: Project
  - combobox ""Project"":
    - option ""gen-44e02592""
    - option ""gen-f9dd6192""
    "
RUN-20260928-180556-9DB8#0,FAIL,PASS,"bug build: AssertionError: Internal Server Error
assert 500 == 422
 +  where 500 = <Response [500 Internal Server Error]>.status_code"
RUN-20260928-190713-1408#1,FAIL,PASS,"bug build: AssertionError: Locator expected to have text '<b>x</b>'
Actual value: None
Error: element(s) not found 
Call log:
  - Expect ""to_have_text"" with timeout 5000ms
  - waiting for get_by_test_id(""task-title"")

Aria snapshot:
- heading ""TaskBoard"" [level=1]
- banner:
  - text: User
  - combobox ""User"":
    - option ""alice"" [selected]
    - option ""bob""
    - option ""carol""
    - option ""dave""
  - text: Project
  - combobox ""Project"":
    - option ""gen-a303aadc""
    - option ""gen-fb1af012"" [selected]"
RUN-20260928-191437-3540#0,FAIL,PASS,"bug build: AssertionError: {""id"":1,""project_id"":1,""title"":""Task 1"",""description"":"""",""status"":""todo"",""priority"":3,""assignee_id"":2,""created_by"":1,""created_at"":""2026-09-28T19:16:01.950+00:00"",""updated_at"":""2026-09-28T19:16:01.954+00:00""}
assert 200 == 422
 +  where 200 = <Response [200 OK]>.status_code"
RUN-20260928-184702-7657#0,FAIL,PASS,"bug build: AssertionError: 
assert 204 == 403
 +  where 204 = <Response [204 No Content]>.status_code"
RUN-20260928-191850-A65E#1,FAIL,FAIL,"bug build: AssertionError: Locator expected not to be empty
Actual value: empty 
Call log:
  - Expect ""to_be_empty"" with timeout 5000ms
  - waiting for get_by_test_id(""error"")
    14 × locator resolved to <div id=""error"" data-testid=""error""></div>
       - unexpected value ""empty"" | clean build: AssertionError: Locator expected not to be empty
Actual value: empty 
Call log:
  - Expect ""to_be_empty"" with timeout 5000ms
  - waiting for get_by_test_id(""error"")
    14 × locator resolved to <div id=""error"" data-testid=""error""></div>
       - unexpected value ""empty"""
RUN-20260928-181752-C9AE#2,FAIL,FAIL,"bug build: AssertionError: Locator expected to have attribute 'true'
Actual value: None 
Call log:
  - Expect ""to_have_attribute"" with timeout 5000ms
  - waiting for locator(""body"")
    14 × locator resolved to <body>…</body>
       - unexpected value ""null""

Aria snapshot:
- heading ""TaskBoard"" [level=1]
- banner:
  - text: User
  - combobox ""User""
  - text: Project
  - combobox ""Project""
  - textbox ""New project""
  - button ""Add project""
- textbox ""New task title""
- button ""Create""
- text: ""401 {\""detail | clean build: AssertionError: Locator expected to have attribute 'true'
Actual value: None 
Call log:
  - Expect ""to_have_attribute"" with timeout 5000ms
  - waiting for locator(""body"")
    14 × locator resolved to <body>…</body>
       - unexpected value ""null""

Aria snapshot:
- heading ""TaskBoard"" [level=1]
- banner:
  - text: User
  - combobox ""User""
  - text: Project
  - combobox ""Project""
  - textbox ""New project""
  - button ""Add project""
- textbox ""New task title""
- button ""Create""
- text: ""401 {\""detail"
RUN-20260928-191850-A65E#0,FAIL,PASS,"bug build: AssertionError: Locator expected to have text '<b>x</b>'
Actual value: x 
Call log:
  - Expect ""to_have_text"" with timeout 5000ms
  - waiting for get_by_test_id(""task-title"").first
    13 × locator resolved to <span class=""title"" data-testid=""task-title"">…</span>
       - unexpected value ""x""

Aria snapshot:
- text: x"
RUN-20260928-174355-26C5#0,ERROR,ERROR,bug build: NameError: name 'page' is not defined
RUN-20260928-184430-E57F#0,,,AgentOutputError: test plan has 10 cases; at most 8 allowed
RUN-20260928-185449-9A01#0,FAIL,PASS,"bug build: AssertionError: {""id"":3,""project_id"":2,""title"":""Task 2"",""description"":"""",""status"":""in_progress"",""priority"":3,""assignee_id"":null,""created_by"":1,""created_at"":""2026-09-28T18:55:09.761+00:00"",""updated_at"":""2026-09-28T18:55:09.766+00:00""}
assert 200 == 409
 +  where 200 = <Response [200 OK]>.status_code"
RUN-20260928-160109-7064#0,,,LLMUnavailableError: Gemini API error 503: This model is currently experiencing high demand. Spikes in demand are usually temporary. Please try again later.
RUN-20260928-185529-D62B#0,FAIL,PASS,"bug build: AssertionError: {""id"":2,""project_id"":2,""title"":""Secret Task"",""description"":"""",""status"":""todo"",""priority"":3,""assignee_id"":null,""created_by"":1,""created_at"":""2026-09-28T18:55:55.982+00:00"",""updated_at"":""2026-09-28T18:55:55.982+00:00""}
assert 200 == 403
 +  where 200 = <Response [200 OK]>.status_code"
RUN-20260928-183440-2857#1,FAIL,FAIL,"fails on a clean SUT: AssertionError: Locator expected not to have text ''
Actual value:  
Call log:
  - Expect ""to_have_text"" with timeout 5000ms
  - waiting for get_by_test_id(""error"")
    14 × locator resolved to <div id=""error"" data-testid=""error""></div>
       - unexpected value """""
RUN-20260928-183010-313C#0,FAIL,PASS,"bug build: AssertionError: Expected 1 task, got []
assert 0 == 1
 +  where 0 = len([])"
RUN-20260928-184615-6E56#0,FAIL,PASS,"bug build: AssertionError: {""detail"":[{""loc"":[""body"",""priority""],""msg"":""priority must be between 1 and 5""}]}
assert 422 in (200, 201)
 +  where 422 = <Response [422 Unprocessable Entity]>.status_code"
RUN-20260928-184114-087E#0,FAIL,PASS,"bug build: AssertionError: Internal Server Error
assert 500 == 422
 +  where 500 = <Response [500 Internal Server Error]>.status_code"
RUN-20260928-160421-20F0#0,,,LLMUnavailableError: Gemini API error 503: This model is currently experiencing high demand. Spikes in demand are usually temporary. Please try again later.
RUN-20260928-170329-47C4#0,FAIL,PASS,"bug build: AssertionError: assert 1 == 2
 +  where 1 = len([{'assignee_id': None, 'created_at': '2026-09-28T17:08:51.448+00:00', 'created_by': 1, 'description': '', ...}])"
RUN-20260928-172359-37F0#0,FAIL,PASS,"bug build: AssertionError: {""id"":1,""project_id"":1,""title"":""Task 1"",""description"":"""",""status"":""todo"",""priority"":3,""assignee_id"":2,""created_by"":1,""created_at"":""2026-09-28T17:30:42.335+00:00"",""updated_at"":""2026-09-28T17:30:42.340+00:00""}
assert 200 == 422
 +  where 200 = <Response [200 OK]>.status_code"
RUN-20260928-184921-AB17#1,FAIL,FAIL,"bug build: AssertionError: Locator expected not to be empty
Actual value: empty 
Call log:
  - Expect ""to_be_empty"" with timeout 5000ms
  - waiting for get_by_test_id(""error"")
    14 × locator resolved to <div id=""error"" data-testid=""error""></div>
       - unexpected value ""empty"" | clean build: AssertionError: Locator expected not to be empty
Actual value: empty 
Call log:
  - Expect ""to_be_empty"" with timeout 5000ms
  - waiting for get_by_test_id(""error"")
    14 × locator resolved to <div id=""error"" data-testid=""error""></div>
       - unexpected value ""empty"""
RUN-20260928-190326-2D86#0,FAIL,PASS,"bug build: AssertionError: assert 1 == 2
 +  where 1 = len([{'assignee_id': None, 'created_at': '2026-09-28T19:06:52.418+00:00', 'created_by': 1, 'description': '', ...}])"
